"level","cond.estimate","cond.std.error","estimate","cond.var","var","std.error","upr.ci","lwr.ci","sig","metric","model_id"
"108",0.0102241661818409,0.0126349854652323,0.00622906864367094,0.000159642857706631,0.000182154634744028,0.0134964674913115,0.0332220036262939,-0.020763866338952,FALSE,"FDiv","base"
"166",-0.00668812623834071,0.00587306928758264,-0.0106832237765106,3.44929428567464e-05,5.70047198941426e-05,0.00755014701142584,0.00441707024634107,-0.0257835177993623,FALSE,"FDiv","base"
"169",-0.00497562571945476,0.00660920405053729,-0.00897072325762467,4.36815781816385e-05,6.61933552190347e-05,0.00813592989270647,0.00730113652778826,-0.0252425830430376,FALSE,"FDiv","base"
"171",-0.0024249467237171,0.0124146537161133,-0.00642004426188701,0.000154123626891005,0.000176635403928401,0.0132904252726691,0.0201608062834512,-0.0330008948072252,FALSE,"FDiv","base"
"172",-0.0088512572121869,0.0129850648293053,-0.0128463547503568,0.000168611908621261,0.000191123685658657,0.0138247490269682,0.0148031433035795,-0.0404958528042931,FALSE,"FDiv","base"
"195",0.00899031230236483,0.00171178613016735,0.00499521476419492,2.93021175543331e-06,2.54419887928295e-05,0.00504400523322781,0.0150832252306505,-0.00509279570226069,FALSE,"FDiv","base"
"217",-0.0188122202728005,0.00484843712443713,-0.0228073178109704,2.35073425496202e-05,4.60191195870164e-05,0.00678373935134719,-0.00923983910827599,-0.0363747965136648,TRUE,"FDiv","base"
"311",0.00859311756547664,0.0122223470470051,0.00459802002730673,0.000149385767337435,0.000171897544374831,0.013110970382654,0.0308199607926148,-0.0216239207380013,FALSE,"FDiv","base"
"312",-0.00103952320624014,0.0131785093912267,-0.00503462074441005,0.00017367310977465,0.000196184886812046,0.014006601543988,0.0229785823435659,-0.033047823832386,FALSE,"FDiv","base"
"321",-0.00740056159849706,0.0127169915648486,-0.011395659136667,0.000161721874460429,0.000184233651497826,0.0135732697423217,0.0157508803479764,-0.0385421986213104,FALSE,"FDiv","base"
"328",0.0145215693342018,0.0123383682207632,0.0105264717960319,0.000152235330351139,0.000174747107388535,0.0132191946573358,0.0369648611107034,-0.0159119175186397,FALSE,"FDiv","base"
"333",-0.00287825573276263,0.0123427208764591,-0.00687335327093254,0.000152342758634179,0.000174854535671575,0.0132232573774988,0.019573161484065,-0.0333198680259301,FALSE,"FDiv","base"
"337",0.00183543316560467,0.0126292689579161,-0.00215966437256525,0.000159498434411384,0.00018201021144878,0.0134911160193951,0.024822567666225,-0.0291418964113555,FALSE,"FDiv","base"
"339",0.00423415532038669,0.012117160026856,0.000239057782216777,0.000146825567116437,0.000169337344153833,0.013012968306802,0.0262649943958207,-0.0257868788313872,FALSE,"FDiv","base"
"341",-0.00114830608764489,0.0107576710582235,-0.0051434036258148,0.000115727486596938,0.000138239263634335,0.0117575194507317,0.0183716352756486,-0.0286584425272782,FALSE,"FDiv","base"
"357",-0.00707687410562253,0.0127644819815945,-0.0110719716437924,0.000162932000258449,0.000185443777295846,0.0136177743150577,0.016163576986323,-0.0383075202739079,FALSE,"FDiv","base"
"362",-0.00139477806764087,0.0125662563834633,-0.00538987560581078,0.000157910799494931,0.000180422576532327,0.0134321471303856,0.0214744186549605,-0.0322541698665821,FALSE,"FDiv","base"
"363",-0.000718880033102719,0.01229457909626,-0.00471397757127263,0.000151156675154194,0.00017366845219159,0.0131783326787417,0.0216426877862107,-0.0310706429287559,FALSE,"FDiv","base"
"366",-0.0156655553720961,0.0123193299780922,-0.019660652910266,0.000151765891109121,0.000174277668146517,0.0132014267466254,0.00674220058298486,-0.0460635064035169,FALSE,"FDiv","base"
"372",0.0100486686822111,0.01035775381804,0.00605357114404122,0.000107283064155123,0.000129794841192519,0.0113927538897546,0.0288390789235504,-0.016731936635468,FALSE,"FDiv","base"
"373",0.00787237421939565,0.0107106933298876,0.00387727668122574,0.000114718951606898,0.000137230728644294,0.0117145520035678,0.0273063806883613,-0.0195518273259098,FALSE,"FDiv","base"
"374",0.00596474384285049,0.00695303289259286,0.00196964630468057,4.83446664054782e-05,7.08564434428744e-05,0.0084176269484264,0.0188049002015334,-0.0148656075921722,FALSE,"FDiv","base"
"376",0.00543282560756014,0.0110278332806722,0.00143772806939023,0.0001216131068663,0.000144124883903697,0.0120052023682942,0.0254481328059786,-0.0225726766671982,FALSE,"FDiv","base"
"377",0.00896801561097498,0.0102103677405,0.00497291807280506,0.000104251609396242,0.000126763386433638,0.0112589247458911,0.0274907675645872,-0.0175449314189771,FALSE,"FDiv","base"
"382",0.00118295583922241,0.0136536935062913,-0.00281214169894751,0.000186423346363742,0.000208935123401138,0.0144545883165567,0.0260970349341659,-0.031721318332061,FALSE,"FDiv","base"
"39",0.00417069720012845,0.0133345216415535,0.000175599661958539,0.000177809467409058,0.000200321244446454,0.0141534887729653,0.0284825772078891,-0.028131377883972,FALSE,"FDiv","base"
"403",-0.00157759512566555,0.0133548801473794,-0.00557269266383546,0.000178352823750869,0.000200864600788266,0.0141726709122969,0.0227726491607583,-0.0339180344884292,FALSE,"FDiv","base"
"41",0.00126827664387693,0.0135437729216173,-0.00272682089429299,0.000183433784952335,0.000205945561989731,0.0143508035311522,0.0259747861680114,-0.0314284279565974,FALSE,"FDiv","base"
"420",-0.00681816265358278,0.0122663648288417,-0.0108132601917527,0.000150463706114244,0.000172975483151641,0.013152014414212,0.0154907686366713,-0.0371172890201767,FALSE,"FDiv","base"
"439",-0.00325151978819326,0.0131239435321533,-0.00724661732636317,0.000172237893835148,0.000194749670872544,0.013955273944733,0.0206639305631028,-0.0351571652158292,FALSE,"FDiv","base"
"440",0.001722807561335,0.0131239435321533,-0.00227228997683491,0.000172237893835148,0.000194749670872544,0.013955273944733,0.0256382579126311,-0.0301828378663009,FALSE,"FDiv","base"
"441",0.00273744808664722,0.0131239435321533,-0.00125764945152269,0.000172237893835148,0.000194749670872544,0.013955273944733,0.0266528984379433,-0.0291681973409887,FALSE,"FDiv","base"
"442",0.000628299714530473,0.0137369672803686,-0.00336679782363944,0.000188704270061917,0.000211216047099313,0.0145332737915211,0.0256997497594027,-0.0324333454066816,FALSE,"FDiv","base"
"443",0.000432119976954945,0.0137972349865849,-0.00356297756121497,0.000190363693275043,0.000212875470312439,0.0145902525787746,0.0256175275963343,-0.0327434827187642,FALSE,"FDiv","base"
"444",-0.00201485891424006,0.0136853327870278,-0.00600995645240997,0.000187288333491698,0.000209800110529094,0.0144844782622328,0.0229590000720556,-0.0349789129768755,FALSE,"FDiv","base"
"445",-0.000201798247252908,0.0138858247821253,-0.00419689578542282,0.000192816129879885,0.000215327906917282,0.0146740555715617,0.0251512153577006,-0.0335450069285463,FALSE,"FDiv","base"
"446",0.000948336443705116,0.0125925329137547,-0.0030467610944648,0.000158571885183996,0.000181083662221393,0.0134567329698331,0.0238667048452014,-0.029960227034131,FALSE,"FDiv","base"
"447",-0.0108399256451568,0.0124980917159692,-0.0148350231833268,0.000156202296540777,0.000178714073578173,0.0133683983176061,0.0119017734518854,-0.0415718198185389,FALSE,"FDiv","base"
"448",0.00216589212708237,0.0138189962072893,-0.00182920541108754,0.000190964656177077,0.000213476433214473,0.014610832735148,0.0273924600592085,-0.0310508708813836,FALSE,"FDiv","base"
"449",0.00452632053554185,0.0128300768717806,0.000531222997371942,0.000164610872535798,0.000187122649573194,0.0136792781086282,0.0278897792146283,-0.0268273332198844,FALSE,"FDiv","base"
"459",-0.000189800388894305,0.0116623296716976,-0.00418489792706422,0.000136009933371359,0.000158521710408755,0.0125905405129707,0.0209961830988771,-0.0293659789530055,FALSE,"FDiv","base"
"46",0.00848417104421701,0.0122528569895198,0.0044890735060471,0.000150132504405624,0.000172644281443021,0.0131394170891642,0.0307679076843755,-0.0217897606722813,FALSE,"FDiv","base"
"47",-0.00306624964640124,0.0129217000200955,-0.00706134718457115,0.000166970331409337,0.000189482108446733,0.0137652500321183,0.0204691528796655,-0.0345918472488078,FALSE,"FDiv","base"
"475",-0.00112941061131474,0.0136811996229866,-0.00512450814948465,0.000187175223124008,0.000209687000161404,0.014480573198648,0.0238366382478114,-0.0340856545467807,FALSE,"FDiv","base"
"515",-0.00182239644210085,0.0124492086088797,-0.00581749398027076,0.000154982794987405,0.000177494572024801,0.0133227088846376,0.0208279237890044,-0.0324629117495459,FALSE,"FDiv","base"
"516",0.0019786761401144,0.0115810385363314,-0.00201642139805551,0.000134120453579993,0.00015663223061739,0.0125152798856993,0.0230141383733431,-0.0270469811694541,FALSE,"FDiv","base"
"56",-0.0124086939067882,0.0125188604158694,-0.0164037914449581,0.000156721866112021,0.000179233643149417,0.013387816967281,0.0103718424896039,-0.0431794253795201,FALSE,"FDiv","base"
"58",0.000212181151120572,0.0125697225086476,-0.00378291638704934,0.000157997923944401,0.000180509700981797,0.0134353898708522,0.023087863354655,-0.0306536961287537,FALSE,"FDiv","base"
"59",-0.011850145614539,0.0124851549594849,-0.0158452431527089,0.000155879094362351,0.000178390871399748,0.0133563045562666,0.0108673659598243,-0.0425578522652421,FALSE,"FDiv","base"
"67",0.0106650253911596,0.0100200042004715,0.00666992785298972,0.000100400484177467,0.000122912261214863,0.0110865802308405,0.0288430883146707,-0.0155032326086913,FALSE,"FDiv","base"
"69",0.00148597575635655,0.0118384720342982,-0.00250912178181337,0.00014014942010686,0.000162661197144256,0.0127538698889496,0.0229986179960859,-0.0280168615597126,FALSE,"FDiv","base"
"77",-0.00244036780993948,0.0131610500706475,-0.0064354653481094,0.000173213238962091,0.000195725015999487,0.0139901756958048,0.0215448860435002,-0.034415816739719,FALSE,"FDiv","base"
"91",0.00739126971751374,0.0122506796522059,0.00339617217934383,0.000150079151940972,0.000172590928978368,0.0131373866875558,0.0296709455544554,-0.0228786011957677,FALSE,"FDiv","base"
"108",-0.00805736681396635,0.0183658363246045,-0.00699129415405829,0.000337303943902164,0.00037659744614877,0.0194061187811672,0.0318209434082761,-0.0458035317163927,FALSE,"FEve","base"
"166",0.0384205896217631,0.00719455563852264,0.0394866622816711,5.17616308357979e-05,9.10551330824036e-05,0.00954228133532038,0.0585712249523119,0.0204020996110304,TRUE,"FEve","base"
"169",0.00813221157522204,0.00825756991027646,0.0091982842351301,6.81874608231032e-05,0.000107480963069709,0.0103673025937179,0.0299328894225658,-0.0115363209523056,FALSE,"FEve","base"
"171",-0.00151641683603812,0.0176360050285195,-0.00045034417613006,0.000311028673365967,0.000350322175612572,0.0187168954587178,0.0369834467413056,-0.0378841350935657,FALSE,"FEve","base"
"172",0.0057444139078149,0.0184143580390939,0.00681048656772296,0.000339088581991942,0.000378382084238548,0.0194520457597279,0.0457145780871787,-0.0320936049517328,FALSE,"FEve","base"
"195",0.00819467370686451,0.00179066734645553,0.00926074636677257,3.2064895456621e-06,4.24999917922678e-05,0.0065192017756983,0.0222991499181692,-0.00377765718462402,FALSE,"FEve","base"
"217",0.000167159285765305,0.00608387504649595,0.00123323194567336,3.70135355813761e-05,7.63070378279818e-05,0.00873538996427645,0.0187040118742263,-0.0162375479828795,FALSE,"FEve","base"
"311",-0.0188048353216212,0.0160117284223891,-0.0177387626617132,0.000256375447072343,0.000295668949318949,0.0171950268775291,0.0166512910933451,-0.0521288164167714,FALSE,"FEve","base"
"312",-0.00841869179540027,0.0191645916192589,-0.00735261913549221,0.00036728157193297,0.000406575074179575,0.0201637068561209,0.0329747945767495,-0.0476800328477339,FALSE,"FEve","base"
"321",-0.0112893585532677,0.0177112893492492,-0.0102232858933596,0.000313689770412827,0.000352983272659433,0.0187878490695298,0.0273524122457,-0.0477989840324193,FALSE,"FEve","base"
"328",-0.0238540384905995,0.0164648473668518,-0.0227879658306914,0.000271091198813727,0.000310384701060333,0.0176177382504206,0.0124475106701498,-0.0580234423315326,FALSE,"FEve","base"
"333",0.0185488201547775,0.0164910703214305,0.0196148928146855,0.000271955400346366,0.000311248902592972,0.0176422476627263,0.0548993881401382,-0.0156696025107671,FALSE,"FEve","base"
"337",0.023536391183089,0.0174540944999693,0.0246024638429971,0.000304645414813857,0.000343938917060463,0.0185455902321944,0.0616936443073858,-0.0124887166213916,FALSE,"FEve","base"
"339",0.00990379975100021,0.0154813879120959,0.0109698724109083,0.000239673371684789,0.000278966873931394,0.0167023014561286,0.0443744753231654,-0.0224347305013489,FALSE,"FEve","base"
"341",0.00158710848557393,0.0153506637341372,0.00265318114548199,0.000235642877078554,0.00027493637932516,0.0165812056052978,0.0358155923560776,-0.0305092300651137,FALSE,"FEve","base"
"357",0.00532915961278634,0.0178434538281098,0.00639523227269439,0.000318388844515886,0.000357682346762491,0.0189124918179094,0.0442202159085133,-0.0314297513631245,FALSE,"FEve","base"
"362",-0.0144996808842621,0.0172822061840924,-0.013433608224354,0.000298674650589481,0.000337968152836087,0.0183839101617715,0.023334212099189,-0.0502014285478971,FALSE,"FEve","base"
"363",0.0073651454359876,0.0162262106811774,0.00843121809589565,0.000263289913069954,0.00030258341531656,0.0173949249873795,0.0432210680706547,-0.0263586318788634,FALSE,"FEve","base"
"366",-0.0208610190727237,0.016442362709291,-0.0197949464128157,0.000270351291463883,0.000309644793710489,0.0175967267896757,0.0153985071665356,-0.054988399992167,FALSE,"FEve","base"
"372",-0.00589899762339529,0.0149638491799407,-0.00483292496348723,0.000223916782280012,0.000263210284526618,0.0162237567944856,0.027614588625484,-0.0372804385524585,FALSE,"FEve","base"
"373",0.0120998238750401,0.0154872567056146,0.0131658965349482,0.000239855120265605,0.00027914862251221,0.0167077413947011,0.0465813793243505,-0.0202495862544541,FALSE,"FEve","base"
"374",-0.00471926295158211,0.00920737571940747,-0.00365319029167406,8.47757676383343e-05,0.00012406926988494,0.0111386386010562,0.0186240869104384,-0.0259304674937865,FALSE,"FEve","base"
"376",0.00537731404427191,0.0160200395469451,0.00644338670417997,0.000256641667085685,0.000295935169332291,0.0172027663278989,0.0408489193599777,-0.0279621459516178,FALSE,"FEve","base"
"377",0.0117203226476509,0.0145225569485129,0.012786395307559,0.0002109046603228,0.000250198162569406,0.015817653510221,0.0444217023280009,-0.018848911712883,FALSE,"FEve","base"
"382",-0.0156939032099257,0.0205835526112936,-0.0146278305500177,0.000423682638101891,0.000462976140348497,0.0215168803581862,0.0284059301663546,-0.05766159126639,FALSE,"FEve","base"
"39",0.00461244837077761,0.0195379937655335,0.00567852103068566,0.000381733200382028,0.000421026702628634,0.0205189352216101,0.046716391473906,-0.0353593494125346,FALSE,"FEve","base"
"403",0.00452393219412366,0.0193232896796204,0.00559000485403171,0.000373389524042525,0.000412683026289131,0.0203146013076588,0.0462192074693492,-0.0350391977612858,FALSE,"FEve","base"
"41",0.000102833194740141,0.0204016667840672,0.0011689058546482,0.00041622800756811,0.000455521509814716,0.0213429498854942,0.0438548056256366,-0.0415169939163402,FALSE,"FEve","base"
"420",0.00135842951368667,0.0161191996037006,0.00242450217359473,0.00025982859586394,0.000299122098110546,0.0172951466634587,0.0370147955005121,-0.0321657911533226,FALSE,"FEve","base"
"439",-0.00265067316970929,0.0188249209673676,-0.00158460050980123,0.000354377649427636,0.000393671151674241,0.0198411479424513,0.0380976953751015,-0.0412668963947039,FALSE,"FEve","base"
"440",-0.00249806827592705,0.0188249209673676,-0.00143199561601899,0.000354377649427636,0.000393671151674241,0.0198411479424513,0.0382503002688837,-0.0411142915009217,FALSE,"FEve","base"
"441",0.00451326805149033,0.0188249209673676,0.00557934071139839,0.000354377649427636,0.000393671151674241,0.0198411479424513,0.0452616365963011,-0.0341029551735043,FALSE,"FEve","base"
"442",0.00827580876002505,0.0203781917298745,0.0093418814199331,0.000415270698179524,0.00045456420042613,0.0213205112608992,0.0519829039417315,-0.0332991411018653,FALSE,"FEve","base"
"443",0.00507530943617904,0.0205485474465993,0.0061413820960871,0.000422242802165143,0.000461536304411749,0.0214833960167323,0.0491081741295517,-0.0368254099373775,FALSE,"FEve","base"
"444",-0.000117472707636891,0.0202096278216316,0.000948599952271164,0.000408429056688868,0.000447722558935473,0.0211594555444008,0.0432675110410727,-0.0413703111365304,FALSE,"FEve","base"
"445",-0.00196309388311824,0.0208749483990734,-0.000897021223210181,0.000435763470663975,0.000475056972910581,0.0217958017267221,0.042694582230234,-0.0444886246766543,FALSE,"FEve","base"
"446",0.00324755806241695,0.0173540216868747,0.004313630722325,0.000301162068708516,0.000340455570955121,0.0184514381812129,0.0412165070847508,-0.0325892456401008,FALSE,"FEve","base"
"447",-0.0070570853612325,0.0170815676123914,-0.00599101270132445,0.000291779952096699,0.000331073454343305,0.0181954239946011,0.0303998352878777,-0.0423818606905266,FALSE,"FEve","base"
"448",-0.00449323131481098,0.0206232038666366,-0.00342715865490292,0.000425316537724853,0.000464610039971459,0.0215548147746961,0.0396824708944894,-0.0465367882042952,FALSE,"FEve","base"
"449",-0.014887224944187,0.0179966123983763,-0.013821152284279,0.000323878057817393,0.000363171560063999,0.0190570606354705,0.024292968986662,-0.05193527355522,FALSE,"FEve","base"
"459",0.0170543668140228,0.0162377903192079,0.0181204394739308,0.000263665834450561,0.000302959336697167,0.0174057271234834,0.0529318937208977,-0.0166910147730361,FALSE,"FEve","base"
"46",0.012510396000833,0.0159749586574799,0.013576468660741,0.000255199304108192,0.000294492806354797,0.017160792707646,0.0478980540760331,-0.0207451167545511,FALSE,"FEve","base"
"47",0.0045319264470414,0.0183822830163201,0.00559799910694945,0.000337908328892091,0.000377201831138697,0.0194216845597568,0.0444413682264631,-0.0332453700125642,FALSE,"FEve","base"
"475",-0.00354310000489877,0.0205890090881279,-0.00247702734499072,0.000423907295231012,0.000463200797477618,0.0215221002106583,0.0405671730763259,-0.0455212277663073,FALSE,"FEve","base"
"515",-0.0159639324894619,0.0175625037818751,-0.0148978598295539,0.000308441539088376,0.000347735041334982,0.0186476551162601,0.0223974504029664,-0.0521931700620741,FALSE,"FEve","base"
"516",-0.00738183059696663,0.0159835810399539,-0.00631575793705858,0.000255474862860773,0.000294768365107379,0.0171688195606856,0.0280218811843125,-0.0406533970584297,FALSE,"FEve","base"
"56",-0.0160239085705466,0.0171384901146736,-0.0149578359106386,0.000293727843410763,0.000333021345657369,0.0182488724489314,0.0215399089872243,-0.0514555808085015,FALSE,"FEve","base"
"58",0.00708034000598729,0.0172996492782743,0.00814641266589535,0.000299277865151298,0.000338571367397903,0.0184003088940893,0.044947030454074,-0.0286542051222833,FALSE,"FEve","base"
"59",-0.029496602376274,0.0169894533515519,-0.0284305297163659,0.000288641525184559,0.000327935027431165,0.0181089764324537,0.00778742314854155,-0.0646484825812734,FALSE,"FEve","base"
"67",-0.00409782669702068,0.0135516901703326,-0.00303175403711262,0.000183648306472689,0.000222941808719295,0.0149312360077555,0.0268307179783984,-0.0328942260526237,FALSE,"FEve","base"
"69",0.0231484898146199,0.0172050899081553,0.024214562474528,0.000296015118747707,0.000335308620994312,0.0183114341599535,0.060837430794435,-0.0124083058453791,FALSE,"FEve","base"
"77",-0.000103415056339484,0.0188733335964424,0.000962657603568571,0.0003562027210426,0.000395496223289206,0.0198870868477313,0.0407368312990311,-0.038811516091894,FALSE,"FEve","base"
"91",-0.00827100296059773,0.0176863260520867,-0.00720493030068968,0.000312806129220722,0.000352099631467327,0.0187643180389623,0.030323705777235,-0.0447335663786144,FALSE,"FEve","base"
"108",-0.481236363134175,0.745231982697267,0.00109313697318619,0.5553707080349,1.99635446362946,1.41292408275514,2.82694130248347,-2.8247550285371,FALSE,"FRic","base"
"166",-0.502460734912379,0.031569234852176,-0.0201312348050182,0.000996616589151846,1.44198037218371,1.20082487157109,2.38151850833715,-2.42178097794719,FALSE,"FRic","base"
"169",-0.4788829553473,0.0550212822186807,0.00344654476006095,0.00302734149698771,1.44401109709155,1.20167012823468,2.40678680122942,-2.3998937117093,FALSE,"FRic","base"
"171",-4.81945961967895,0.671178028667467,-4.33713011957159,0.450479946165947,1.89146370176051,1.37530494864249,-1.58652022228662,-7.08774001685656,TRUE,"FRic","base"
"172",-9.79847002963141,1.25538499829209,-9.31614052952405,1.57599149393682,3.01697524953139,1.7369442275247,-5.84225207447465,-12.7900289845735,TRUE,"FRic","base"
"195",-0.48077385366462,0.016862869975109,0.00155564644274137,0.000284356383797432,1.44126811197836,1.20052826371492,2.40261217387258,-2.3995008809871,FALSE,"FRic","base"
"217",-0.482277311874321,0.0384419673173504,5.21882330395962e-05,0.00147778485122823,1.44246154044579,1.2010252039178,2.40210259606864,-2.40199821960256,FALSE,"FRic","base"
"311",-1.11741296996691,0.345302490406641,-0.63508346985955,0.119233809881028,1.56021756547559,1.24908669253803,1.86308991521651,-3.13325685493561,FALSE,"FRic","base"
"312",-0.560112888073633,0.397330815101449,-0.0777833879662725,0.157871776629182,1.59885553222374,1.26445859253031,2.45113379709436,-2.6067005730269,FALSE,"FRic","base"
"321",-1.89126158102315,0.527669640998068,-1.40893208091579,0.27843525003103,1.71941900562559,1.31126618412342,1.21360028733105,-4.03146444916262,FALSE,"FRic","base"
"328",-0.549025073786625,0.352201759664524,-0.0666955736792638,0.124046079510787,1.56502983510535,1.2510115247692,2.43532747585913,-2.56871862321766,FALSE,"FRic","base"
"333",-0.45973142721431,0.35461242472892,0.0225980728930507,0.125749971772124,1.56673372736669,1.25169234533358,2.52598276356022,-2.48078661777412,FALSE,"FRic","base"
"337",-0.518255970768608,1.34916154309661,-0.0359264706612467,1.82023686937083,3.26122062496539,1.80588499771314,3.57584352476503,-3.64769646608753,FALSE,"FRic","base"
"339",-0.455518029060458,0.333027134542661,0.0268114710469028,0.110907072341696,1.55189082793626,1.24574910312481,2.51830967729651,-2.46468673520271,FALSE,"FRic","base"
"341",-1.42641458140946,1.3089234426069,-0.944085081302098,1.7132805786059,3.15426433420046,1.77602486868863,2.60796465607516,-4.49613481867936,FALSE,"FRic","base"
"357",-0.820327614790438,0.528447444200222,-0.337998114683077,0.279256701281747,1.72024045687631,1.31157937498129,2.2851606352795,-2.96115686464566,FALSE,"FRic","base"
"362",0.800049574507674,2.30667051825035,1.28237907461503,5.32072887976535,6.76171263535991,2.60032933209621,6.48303773880745,-3.91827958957738,FALSE,"FRic","base"
"363",-0.454064644858614,0.340767299853517,0.0282648552487471,0.116122352649457,1.55710610824402,1.24784057805636,2.52394601136146,-2.46741630086396,FALSE,"FRic","base"
"366",-3.00694739317118,0.36430589219941,-2.52461789306382,0.132718783091208,1.57370253868577,1.25447301233856,-0.0156718683867032,-5.03356391774093,TRUE,"FRic","base"
"372",-0.481338015653053,0.24507879736501,0.000991484454308245,0.0600636169178798,1.50104737251244,1.22517238481466,2.45133625408363,-2.44935328517501,FALSE,"FRic","base"
"373",4.57121332757621,0.365505884360533,5.05354282768357,0.133594551502175,1.57457830709674,1.25482202207992,7.56318687184341,2.54389878352373,TRUE,"FRic","base"
"374",-0.463181219017951,0.0650302152566839,0.0191482810894104,0.00422892889633064,1.44521268449089,1.2021699898479,2.4234882607852,-2.38519169860638,FALSE,"FRic","base"
"376",-0.518466595262609,0.500470837335917,-0.0361370951552477,0.250471059023714,1.69145481461828,1.30055942371669,2.56498175227812,-2.63725594258862,FALSE,"FRic","base"
"377",-0.524640838164758,0.271331325136022,-0.0423113380573973,0.0736206880000699,1.51460444359463,1.23069266821357,2.41907399836974,-2.50369667448453,FALSE,"FRic","base"
"382",-0.647739874676043,0.51302707918316,-0.165410374568682,0.263196783975204,1.70418053956977,1.3054426603914,2.44547494621411,-2.77629569535147,FALSE,"FRic","base"
"39",-0.415474312918888,0.453919156569514,0.0668551871884727,0.206042600700779,1.64702635629534,1.28336524664467,2.63358568047782,-2.49987530610087,FALSE,"FRic","base"
"403",-1.06558946803818,1.08093084224126,-0.583259967930823,1.1684114857084,2.60939524130296,1.61536226317905,2.64746455842729,-3.81398449428893,FALSE,"FRic","base"
"41",-0.000949773624631778,0.848816744071519,0.481379726482729,0.720489865016175,2.16147362061074,1.47019509610485,3.42176991869242,-2.45901046572696,FALSE,"FRic","base"
"420",-0.454653607216823,0.339972150172534,0.0276758928905383,0.115581062892936,1.5565648184875,1.24762366861466,2.52292323011985,-2.46757144433878,FALSE,"FRic","base"
"439",-0.437284476971399,0.525518459624569,0.0450450231359616,0.27616965140618,1.71715340700074,1.31040200205919,2.66584902725435,-2.57575898098242,FALSE,"FRic","base"
"440",-0.443003031795922,0.525518459624569,0.039326468311439,0.27616965140618,1.71715340700074,1.31040200205919,2.66013047242983,-2.58147753580695,FALSE,"FRic","base"
"441",-0.441225671176201,0.525518459624569,0.0411038289311599,0.27616965140618,1.71715340700074,1.31040200205919,2.66190783304955,-2.57970017518723,FALSE,"FRic","base"
"442",-0.191227764588107,1.27342802273367,0.291101735519254,1.62161892908338,3.06260268467794,1.75002933823349,3.79116041198623,-3.20895694094772,FALSE,"FRic","base"
"443",0.273043141545378,1.99890628194106,0.755372641652739,3.99562632398343,5.43661007957799,2.33165393649615,5.41868051464504,-3.90793523133956,FALSE,"FRic","base"
"444",-0.0300342560213163,1.71698522344738,0.452295244086045,2.94803825753664,4.3890220131312,2.09499928714336,4.64229381837277,-3.73770333020068,FALSE,"FRic","base"
"445",0.667466108402958,2.26139519703021,1.14979560851032,5.1139082371513,6.55489199274587,2.56025232989756,6.27030026830543,-3.97070905128479,FALSE,"FRic","base"
"446",0.419147684977501,1.72876919280906,0.901477185084862,2.98864292200569,4.42962667760026,2.10466783070399,5.11081284649285,-3.30785847632313,FALSE,"FRic","base"
"447",-4.57186156768463,0.7942309945277,-4.08953206757727,0.630802872668459,2.07178662826302,1.43937021931921,-1.21079162893886,-6.96827250621568,TRUE,"FRic","base"
"448",-4.35602724576235,1.9673253997457,-3.87369774565499,3.87036922848458,5.31135298407915,2.30463727820218,0.735576810749364,-8.48297230205935,FALSE,"FRic","base"
"449",-3.40975621583901,1.11633376062703,-2.92742671573165,1.24620106511569,2.68718482071025,1.63926349947477,0.351100283217885,-6.20595371468118,FALSE,"FRic","base"
"459",-0.65310679915968,1.52184972378253,-0.170777299052319,2.31602658177696,3.75701033737153,1.93830088927688,3.70582447950143,-4.04737907760607,FALSE,"FRic","base"
"46",-0.465783921390977,0.334064710524804,0.016545578716384,0.111599230818021,1.55258298641258,1.24602688029295,2.50859933930229,-2.47550818186952,FALSE,"FRic","base"
"47",-0.396030471005902,0.364139338366398,0.086299029101459,0.132597457745918,1.57358121334048,1.25442465430989,2.59514833772123,-2.42255027951832,FALSE,"FRic","base"
"475",-0.392003486173131,0.540621620244223,0.0903260139342304,0.292271736275489,1.73325549187005,1.31653161445901,2.72338924285225,-2.54273721498379,FALSE,"FRic","base"
"515",58.8677451869768,2.64342973595106,59.3500746870841,6.9877207689103,8.42870452450486,2.9032231268893,65.1565209408627,53.5436284333055,TRUE,"FRic","base"
"516",-9.33316042784391,0.317961216498139,-8.85083092773655,0.101099335196976,1.54208309079154,1.24180638216734,-6.36721816340187,-11.3344436920712,TRUE,"FRic","base"
"56",-5.62618350430303,0.394066651206529,-5.14385400419567,0.155288525593128,1.59627228118769,1.26343669457068,-2.61698061505431,-7.67072739333703,TRUE,"FRic","base"
"58",-0.465892758824014,0.415457838405093,0.0164367412833464,0.172605215492232,1.61358897108679,1.27027121949873,2.55697918028081,-2.52410569771412,FALSE,"FRic","base"
"59",-1.59415124078569,0.360726990983659,-1.11182174067832,0.130123962024125,1.57110771761869,1.25343835812484,1.39505497557135,-3.618698456928,FALSE,"FRic","base"
"67",0.616622621502093,0.110455447181113,1.09895212160945,0.0122004058119796,1.45318416140654,1.20548088388267,3.50991388937479,-1.31200964615589,FALSE,"FRic","base"
"69",-0.515554130340901,0.650394186868096,-0.0332246302335406,0.423012598311812,1.86399635390637,1.36528251798167,2.6973404057298,-2.76378966619688,FALSE,"FRic","base"
"77",0.457050496198722,5.77862958111623,0.939379996306083,33.3925598357516,34.8335435913461,5.90199488235513,12.7433697610163,-10.8646097684042,FALSE,"FRic","base"
"91",-0.475385210870162,0.432339560335606,0.00694428923719898,0.186917495431185,1.62790125102575,1.27589233520143,2.55872895964005,-2.54484038116565,FALSE,"FRic","base"
"108",0.0203719328162,0.02220231506563,-0.0311669117699272,0.000492942794273502,0.000549873147526169,0.0234493741393277,0.0157318365087282,-0.0780656600485825,FALSE,"Jaccard_base","base"
"166",0.0265834115478147,0.0102890285322432,-0.0249554330383124,0.000105864108137315,0.000162794461389983,0.0127590932824391,0.000562753526565797,-0.0504736196031906,FALSE,"Jaccard_base","base"
"169",0.0555789166000892,0.0103851351107547,0.00404007201396209,0.00010785103126863,0.000164781384521298,0.012836720162148,0.0297135123382581,-0.021633368310334,FALSE,"Jaccard_base","base"
"171",0.01036607036964,0.0234458536259075,-0.0411727742164871,0.000549708052247479,0.000606638405500147,0.0246300305623064,0.00808728690812567,-0.0904328353410999,FALSE,"Jaccard_base","base"
"172",-0.00304903784868315,0.0245018371063518,-0.0545878824348103,0.000600340021586196,0.000657270374838864,0.0256372848569981,-0.00331331272081412,-0.105862452148806,TRUE,"Jaccard_base","base"
"195",0.0101063959551049,0.0019391118716347,-0.0414324486310222,3.76015485071463e-06,6.06905081033819e-05,0.00779041129231197,-0.0258516260463983,-0.0570132712156462,TRUE,"Jaccard_base","base"
"217",-0.0167101530236929,0.00727538505492188,-0.06824899760982,5.29312276973806e-05,0.000109861580950048,0.0104814875351759,-0.0472860225394682,-0.0892119726801718,TRUE,"Jaccard_base","base"
"311",0.00842382474411466,0.0201912546919778,-0.0431150198420125,0.000407686766036314,0.000464617119288981,0.0215549789906875,-5.06186063740227e-06,-0.0862249778233876,TRUE,"Jaccard_base","base"
"312",-0.010510082043152,0.0205135715794393,-0.0620489266292792,0.000420806618944781,0.000477736972197449,0.0218571949755098,-0.0183345366782597,-0.105763316580299,TRUE,"Jaccard_base","base"
"321",-0.00855526910407795,0.0233997502353385,-0.0600941136902051,0.000547548311076223,0.00060447866432889,0.0245861478139397,-0.0109218180623258,-0.109266409318084,TRUE,"Jaccard_base","base"
"328",-0.0188647346954546,0.0203879368282354,-0.0704035792815818,0.000415667968112116,0.000472598321364783,0.0217393266078962,-0.0269249260657894,-0.113882232497374,TRUE,"Jaccard_base","base"
"333",-0.0086123851616211,0.0205131201739514,-0.0601512297477483,0.000420788099270971,0.000477718452523638,0.0218567713197452,-0.0164376871082578,-0.103864772387239,TRUE,"Jaccard_base","base"
"337",-0.00317946945997999,0.0249084594504577,-0.0547183140461071,0.000620431352195094,0.000677361705447762,0.0260261734691783,-0.00266596710775049,-0.106770660984464,TRUE,"Jaccard_base","base"
"339",0.0053157405425945,0.019509342187744,-0.0462231040435326,0.000380614432598488,0.000437544785851155,0.0209175712225668,-0.00438796159839903,-0.0880582464886663,TRUE,"Jaccard_base","base"
"341",-0.0019135409014932,0.0252642356494489,-0.0534523854876204,0.000638281602950887,0.000695211956203554,0.0263668723250133,-0.000718640837593681,-0.106186130137647,TRUE,"Jaccard_base","base"
"357",0.0174580616500853,0.0233144118326902,-0.0340807829360418,0.000543561799104287,0.000600492152356954,0.0245049413865235,0.0149290998370052,-0.0830906657090889,FALSE,"Jaccard_base","base"
"362",-0.00336685008979852,0.0251776271099762,-0.0549056946759257,0.00063391290688901,0.000690843260141677,0.0262838973544959,-0.00233789996693384,-0.107473489384917,TRUE,"Jaccard_base","base"
"363",-0.0034569156826154,0.0197830412804277,-0.0549957602687425,0.000391368722303105,0.000448299075555773,0.0211730743057255,-0.0126496116572916,-0.0973419088801935,TRUE,"Jaccard_base","base"
"366",-0.0103750737422667,0.021059015281172,-0.0619139183283938,0.000443482124612637,0.000500412477865304,0.0223699011590419,-0.0171741160103101,-0.106653720646478,TRUE,"Jaccard_base","base"
"372",-0.00352003240523621,0.0229575823288194,-0.0550588769913634,0.000527050586384521,0.000583980939637188,0.0241656975822588,-0.00672748182684579,-0.103390272155881,TRUE,"Jaccard_base","base"
"373",-0.00911215520065952,0.0239146687442021,-0.0606509997867867,0.000571911381144919,0.000628841734397586,0.0250767169780573,-0.0104975658306721,-0.110804433742901,TRUE,"Jaccard_base","base"
"374",-0.000831378177191859,0.0108437989031355,-0.052370222763319,0.000117587974651642,0.000174518327904309,0.0132105385168171,-0.0259491457296847,-0.0787912997969533,TRUE,"Jaccard_base","base"
"376",0.0102605884004239,0.0240736368799081,-0.0412782561857033,0.000579539992625673,0.000636470345878341,0.0252283639160042,0.00917847164630502,-0.0917349840177116,FALSE,"Jaccard_base","base"
"377",-0.0181453994026374,0.0230818399260082,-0.0696842439887645,0.000532771334369864,0.000589701687622531,0.0242837741634724,-0.0211166956618196,-0.118251792315709,TRUE,"Jaccard_base","base"
"382",-0.0115504502687593,0.0202063135285606,-0.0630892948548865,0.000408295106414492,0.000465225459667159,0.0215690857401782,-0.01995112337453,-0.106227466335243,TRUE,"Jaccard_base","base"
"39",-0.022964875351273,0.0216071010317014,-0.0745037199374001,0.000466866814994153,0.00052379716824682,0.0228866154825658,-0.0287304889722685,-0.120276950902532,TRUE,"Jaccard_base","base"
"403",-0.000739259649107558,0.0232618164181266,-0.0522781042352347,0.000541112103070626,0.000598042456323293,0.0244549065899523,-0.00336829105533007,-0.101187917415139,TRUE,"Jaccard_base","base"
"41",0.00253916704845839,0.01957512721482,-0.0489996775376688,0.000383185605476385,0.000440115958729052,0.0209789408390665,-0.00704179585953576,-0.0909575592158018,TRUE,"Jaccard_base","base"
"420",-0.00269829755241448,0.0197728952248476,-0.0542371421385416,0.000390967385572803,0.00044789773882547,0.0211635946574647,-0.0119099528236122,-0.0965643314534711,TRUE,"Jaccard_base","base"
"439",0.0150893268867888,0.0224711250827868,-0.0364495176993383,0.000504951462486251,0.000561881815738918,0.0237040464001174,0.0109585751008965,-0.0838576104995731,FALSE,"Jaccard_base","base"
"440",0.00794326517591515,0.0224711250827868,-0.043595579410212,0.000504951462486251,0.000561881815738918,0.0237040464001174,0.00381251339002279,-0.0910036722104468,FALSE,"Jaccard_base","base"
"441",0.0127083683492464,0.0224711250827868,-0.0388304762368807,0.000504951462486251,0.000561881815738918,0.0237040464001174,0.00857761656335409,-0.0862385690371155,FALSE,"Jaccard_base","base"
"442",-0.00229020019186294,0.0221945389927892,-0.0538290447779901,0.00049259756110244,0.000549527914355107,0.0234420117386522,-0.00694502130068571,-0.100713068255294,TRUE,"Jaccard_base","base"
"443",0.0127999976684919,0.022218919576721,-0.0387388469176353,0.000493680387156798,0.000550610740409465,0.0234650962156447,0.00819134551365422,-0.0856690393489248,FALSE,"Jaccard_base","base"
"444",0.00899153652425438,0.0226763223742496,-0.0425473080618728,0.000514215596420891,0.000571145949673559,0.0238986599974467,0.0052500119330206,-0.0903446280567661,FALSE,"Jaccard_base","base"
"445",-0.0181042465339218,0.021880957138358,-0.0696430911200489,0.000478776285290662,0.000535706638543329,0.0231453372959508,-0.0233524165281474,-0.11593376571195,TRUE,"Jaccard_base","base"
"446",-0.0104923936707225,0.0250585910728079,-0.0620312382568496,0.000627932986554208,0.000684863339806875,0.0261698937675886,-0.00969145072167236,-0.114371025792027,TRUE,"Jaccard_base","base"
"447",-0.00226731704236855,0.0247815869328473,-0.0538061616284957,0.00061412705091027,0.000671057404162938,0.0259047757018457,-0.00199661022480421,-0.105615713032187,TRUE,"Jaccard_base","base"
"448",-0.0119298736278199,0.022109478186536,-0.063468718213947,0.000488829025680912,0.000545759378933579,0.023361493508198,-0.0167457311975509,-0.110191705230343,TRUE,"Jaccard_base","base"
"449",-0.00732152344776214,0.0245649672004559,-0.0588603680338893,0.000603437613559472,0.00066036796681214,0.025697625703791,-0.00746511662630729,-0.110255619441471,TRUE,"Jaccard_base","base"
"459",0.000344578997567526,0.0252253114815371,-0.0511942655885596,0.000636316339340568,0.000693246692593235,0.0263295782836193,0.0014648909786789,-0.103853422155798,FALSE,"Jaccard_base","base"
"46",0.0126622084836928,0.019457784123259,-0.0388766361024343,0.000378605362987349,0.000435535716240017,0.0208694924768193,0.00286234885120423,-0.0806156210560729,FALSE,"Jaccard_base","base"
"47",-0.00514256318392361,0.0199180942379075,-0.0566814077700508,0.000396730478070164,0.000453660831322831,0.0212993152782626,-0.0140827772135255,-0.099280038326576,TRUE,"Jaccard_base","base"
"475",-0.0018026523420181,0.0205234300895147,-0.0533414969281452,0.000421211182639198,0.000478141535891865,0.0218664477200085,-0.00960860148812823,-0.0970743923681623,TRUE,"Jaccard_base","base"
"515",-0.000483830855339647,0.0245392437959387,-0.0520226754414668,0.000602174486076516,0.000659104839329183,0.0256730372049974,-0.000676601031471907,-0.103368749851462,TRUE,"Jaccard_base","base"
"516",0.00277846879496585,0.0250804582313673,-0.0487603757911613,0.000629029385095358,0.000685959738348025,0.0261908330976322,0.00362129040410305,-0.101142041986426,FALSE,"Jaccard_base","base"
"56",-0.0151599585310796,0.0217662515934056,-0.0666988031172068,0.000473769708427431,0.000530700061680099,0.0230369282171061,-0.0206249466829946,-0.112772659551419,TRUE,"Jaccard_base","base"
"58",-0.0138361670669217,0.0222207511613879,-0.0653750116530489,0.000493761782176323,0.00055069213542899,0.0234668305365039,-0.0184413505800411,-0.112308672726057,TRUE,"Jaccard_base","base"
"59",0.00881624684499082,0.0205555058768325,-0.0427225977411363,0.000422528821852495,0.000479459175105162,0.0218965562384856,0.00107051473583485,-0.0865157102181075,FALSE,"Jaccard_base","base"
"67",-0.00890552841634705,0.0167522052031317,-0.0604443730024742,0.000280636379167834,0.000337566732420501,0.0183729892075433,-0.0236983945873877,-0.0971903514175607,TRUE,"Jaccard_base","base"
"69",-0.00733453504814165,0.0233649776998129,-0.0588733796342688,0.000545922182912755,0.000602852536165422,0.0245530555362346,-0.00976726856179953,-0.107979490706738,TRUE,"Jaccard_base","base"
"77",0.000237692092976368,0.0245019165969561,-0.0513011524931508,0.000600343916924194,0.000657274270176861,0.0256373608270598,-2.64308390311371e-05,-0.10257587414727,TRUE,"Jaccard_base","base"
"91",0.0138503502177089,0.0221199100626634,-0.0376884943684182,0.000489290421180318,0.000546220774432985,0.0233713665503964,0.00905423873237449,-0.0844312274692109,FALSE,"Jaccard_base","base"
"108",0.135285016470872,0.141102361114355,0.0771599800556169,0.019909876312046,0.0215501794860707,0.146799793889742,0.370759567835101,-0.216439607723867,FALSE,"S","base"
"166",0.0314595907093542,0.0135730953110188,-0.026665445705901,0.000184228916322,0.00182453209034677,0.0427145419072565,0.0587636381086119,-0.112094529520414,FALSE,"S","base"
"169",0.0513247869274899,0.0175333894523871,-0.00680024948776538,0.000307419745689081,0.00194772291971385,0.0441330139432358,0.0814657783987063,-0.095066277374237,FALSE,"S","base"
"171",0.0747816032417063,0.14356041556661,0.0166565668264511,0.0206095929176576,0.0222498960916824,0.149163990599884,0.31498454802622,-0.281671414373318,FALSE,"S","base"
"172",0.125189699860465,0.189760322289948,0.06706466344521,0.036008979915585,0.0376492830896097,0.1940342317469,0.45513312693901,-0.32100380004859,FALSE,"S","base"
"195",0.0685394039339026,0.00424953386267839,0.0104143675186473,1.80585380500503e-05,0.00165836171207482,0.0407229875141156,0.0918603425468786,-0.071031607509584,FALSE,"S","base"
"217",0.069014828412776,0.0118540514819123,0.0108897919975207,0.000140518536535828,0.0017808217105606,0.0421997832999246,0.0952893585973699,-0.0735097746023285,FALSE,"S","base"
"311",0.0503886834138304,0.0751910903254214,-0.00773635300142485,0.00565370006432568,0.00729400323835045,0.0854049368499881,0.163073520698551,-0.178546226701401,FALSE,"S","base"
"312",0.0510840170594346,0.0819690461888218,-0.00704101935582067,0.00671892453310519,0.00835922770712996,0.0914288122373356,0.17581660511885,-0.189898643830492,FALSE,"S","base"
"321",0.0816913058673854,0.120976022920209,0.0235662694521301,0.0146351981215908,0.0162755012956156,0.127575472939024,0.278717215330178,-0.231584676425917,FALSE,"S","base"
"328",0.00752802871551031,0.0769201062693952,-0.0505970076997449,0.00591670274849505,0.00755700592251981,0.0869310411908187,0.123265074681892,-0.224459090081382,FALSE,"S","base"
"333",-0.0895449567787369,0.0777617995518234,-0.147669993193992,0.00604689746953796,0.00768720064356273,0.087676682439305,0.0276833716846178,-0.323023358072602,FALSE,"S","base"
"337",0.0420124368357958,0.209232337968617,-0.0161125995794594,0.0437781712518134,0.0454184744258382,0.213116105505516,0.410119611431572,-0.442344810590491,FALSE,"S","base"
"339",0.0577064346097502,0.0710841944242573,-0.000418601805505091,0.00505296269694561,0.00669326587097037,0.0818123821372436,0.163206162468982,-0.164043366079992,FALSE,"S","base"
"341",0.00841942390109864,0.212417856662851,-0.0497056125141566,0.0451213458292396,0.0467616490032644,0.216244419588725,0.382783226663293,-0.482194451691606,FALSE,"S","base"
"357",0.137905736169002,0.120203708021192,0.0797806997537467,0.014448931422044,0.0160892345960687,0.126843346676397,0.333467393106541,-0.173905993599048,FALSE,"S","base"
"362",0.120713425301827,0.23504120514702,0.062588388886572,0.0552443681169633,0.0568846712909881,0.238505076027719,0.53959854094201,-0.414421763168866,FALSE,"S","base"
"363",0.0558114972439881,0.0730508854967806,-0.00231353917126719,0.00533643187186374,0.00697673504588851,0.0835268522445837,0.1647401653179,-0.169367243660435,FALSE,"S","base"
"366",-0.104032445887061,0.0814644798650363,-0.162157482302316,0.00663646147968091,0.00827676465370567,0.090976725890228,0.0197959694781397,-0.344110934082772,FALSE,"S","base"
"372",0.281144696464571,0.0740050488431789,0.223019660049316,0.00547674725428129,0.00711705042830606,0.0843626127399221,0.39174488552916,0.0542944345694715,TRUE,"S","base"
"373",0.15087103709434,0.105048233072034,0.092746000679085,0.0110351312715564,0.0126754344455812,0.112585231916007,0.3179164645111,-0.13242446315293,FALSE,"S","base"
"374",0.00296969236661454,0.0197218118824159,-0.0551553440486407,0.000388949863925402,0.00202925303795017,0.0450472311907199,0.0349391183327991,-0.145249806430081,FALSE,"S","base"
"376",-0.386346241589393,0.129415202424644,-0.444471278004648,0.0167482946186117,0.0183885977926365,0.135604564055331,-0.173262149893985,-0.715680406115311,TRUE,"S","base"
"377",-1.23944368100549,0.0778386461964754,-1.29756871742075,0.00605885484170007,0.00769915801572484,0.0877448460920916,-1.12207902523656,-1.47305840960493,TRUE,"S","base"
"382",0.111018975244936,0.0859192472997631,0.0528939388296804,0.00738211705655786,0.00902242023058262,0.0949864212957969,0.242866781421274,-0.137078903761913,FALSE,"S","base"
"39",0.120406910188885,0.0928058179025918,0.0622818737736298,0.00861291983656904,0.0102532230105938,0.101258199720288,0.264798273214207,-0.140234525666947,FALSE,"S","base"
"403",0.0503198938200828,0.153217632695697,-0.00780514259517243,0.0234756429688735,0.0251159461428983,0.158480112767812,0.309155082940451,-0.324765368130796,FALSE,"S","base"
"41",0.0933934551923993,0.074958825853506,0.0352684187771441,0.00561882557333624,0.00725912874736101,0.0852005208162545,0.205669460409653,-0.135132622855365,FALSE,"S","base"
"420",0.0854483291180654,0.0729140776402218,0.0273232927028102,0.00531646271812429,0.00695676589214906,0.0834072292559168,0.194137751214644,-0.139491165809023,FALSE,"S","base"
"439",-0.0293821251388452,0.11130772726761,-0.0875071615541004,0.0123894101494806,0.0140297133235054,0.118447090819089,0.149387020084077,-0.324401343192277,FALSE,"S","base"
"440",-0.153088555182739,0.11130772726761,-0.211213591597995,0.0123894101494806,0.0140297133235054,0.118447090819089,0.0256805900401824,-0.448107773236172,FALSE,"S","base"
"441",-0.0515621813056213,0.11130772726761,-0.109687217720877,0.0123894101494806,0.0140297133235054,0.118447090819089,0.1272069639173,-0.346581399359054,FALSE,"S","base"
"442",-0.0529443038598533,0.130075439412343,-0.111069340275109,0.016919619938314,0.0185599231123388,0.136234808739686,0.161400277204263,-0.38353895775448,FALSE,"S","base"
"443",-0.0583839819399279,0.131860680175202,-0.116509018355183,0.0173872389762668,0.0190275421502916,0.137940357221125,0.159371696087067,-0.392389732797433,FALSE,"S","base"
"444",0.0824079436949177,0.141803835413381,0.0242829072796625,0.0201083277379453,0.02174863091197,0.147474170321348,0.319231247922359,-0.270665433363034,FALSE,"S","base"
"445",0.114392952507801,0.12142523472276,0.0562679160925455,0.0147440876274774,0.0163843908015022,0.128001526559265,0.312270969211075,-0.199735137025984,FALSE,"S","base"
"446",0.0232900720287697,0.223729122599297,-0.0348349643864855,0.0500547202990513,0.0516950234730761,0.22736539638449,0.419895828382494,-0.489565757155465,FALSE,"S","base"
"447",0.0462106193048053,0.171439925527346,-0.01191441711045,0.0293916480648219,0.0310319512388467,0.176158880669828,0.340403344229206,-0.364232178450106,FALSE,"S","base"
"448",0.0117880958064529,0.129066225256558,-0.0463369406088024,0.0166580905019765,0.0182983936760012,0.135271555310055,0.224206170011307,-0.316880051228912,FALSE,"S","base"
"449",0.0134734758255323,0.188174502144906,-0.044651560589723,0.0354096432574831,0.0370499464315078,0.192483626398475,0.340315692207228,-0.429618813386674,FALSE,"S","base"
"459",0.0955704897624847,0.221704114950628,0.0374454533472294,0.0491527145860413,0.050793017760066,0.225373063519281,0.488191580385792,-0.413300673691333,FALSE,"S","base"
"46",0.0595034149016789,0.070971436259505,0.00137837848642369,0.00503694476473698,0.00667724793876175,0.081714429195594,0.164807236877612,-0.162050479904764,FALSE,"S","base"
"47",0.128351494060885,0.0760853928539537,0.0702264576456302,0.00578898700574047,0.00742929017976524,0.0861933302510423,0.242613118147715,-0.102160202856454,FALSE,"S","base"
"475",0.0200734800077416,0.0904560395544972,-0.0380515564075137,0.00818229509188476,0.00982259826590953,0.0991090221216491,0.160166487835784,-0.236269600650812,FALSE,"S","base"
"515",-0.0779877638255966,0.220666560880317,-0.136112800240852,0.0486937310907466,0.0503340342647713,0.224352477732632,0.312592155224413,-0.584817755706117,FALSE,"S","base"
"516",-0.401968413925594,0.0856217087305176,-0.460093450340849,0.0073310770059336,0.00897138017995837,0.0947173700012747,-0.2706587103383,-0.649528190343399,TRUE,"S","base"
"56",-0.118906174387247,0.0894378987615836,-0.177031210802502,0.00799913773488728,0.00963944090891205,0.0981806544534719,0.019330098104442,-0.373392519709446,FALSE,"S","base"
"58",-0.122691364090362,0.0953218168668277,-0.180816400505617,0.00908624877079303,0.0107265519448178,0.103569068475186,0.0263217364447549,-0.38795453745599,FALSE,"S","base"
"59",-0.0147696936513041,0.0788071490973048,-0.0728947300665594,0.00621056674884483,0.0078508699228696,0.0886051348561109,0.104315539645662,-0.250104999778781,FALSE,"S","base"
"67",0.110317926727564,0.0396270841753026,0.0521928903123092,0.00157030580023652,0.00321060897426129,0.0566622358741807,0.165517362060671,-0.0611315814360521,FALSE,"S","base"
"69",-0.174570226884455,0.145296926229014,-0.232695263299711,0.0211111967715995,0.0227514999456243,0.150836003479356,0.0689767436590012,-0.534367270258423,FALSE,"S","base"
"77",0.146671492602214,0.210038408826868,0.0885464561869591,0.0441161331825226,0.0457564363565473,0.21390754160746,0.51636153940188,-0.339268627027961,FALSE,"S","base"
"91",0.159141760239912,0.108459850848684,0.101016723824657,0.0117635392461188,0.0134038424201436,0.115774964565503,0.332566652955664,-0.13053320530635,FALSE,"S","base"
"108",-0.014768138181374,0.111228023817881,-0.00704145379213323,0.012371673282431,0.0138996097584396,0.117896606221043,0.228751758649952,-0.242834666234219,FALSE,"SES_FDiv","base"
"166",-0.0608809178537557,0.0450513628752448,-0.0531542334645149,0.00202962529691698,0.00355756177292553,0.0596452996716885,0.0661363658788621,-0.172444832807892,FALSE,"SES_FDiv","base"
"169",-0.0716226549985806,0.0540969667046392,-0.0638959706093399,0.00292648180664284,0.00445441828265139,0.0667414285331936,0.0695868864570473,-0.197378827675727,FALSE,"SES_FDiv","base"
"171",-0.00440875370682126,0.111754118472062,0.00331793068241946,0.0124889829954677,0.0140169194714762,0.118393071889685,0.24010407446179,-0.233468213096951,FALSE,"SES_FDiv","base"
"172",-0.00312229538947476,0.112774944357634,0.00460438899976596,0.0127181880748675,0.014246124550876,0.119357130289212,0.243318649578191,-0.234109871578659,FALSE,"SES_FDiv","base"
"195",0.00377348062302692,0.0129750416140743,0.0115001650122676,0.00016835170488696,0.0016962881808955,0.0411860192407023,0.0938722034936723,-0.070871873469137,FALSE,"SES_FDiv","base"
"217",-0.204837412602248,0.039364285201865,-0.197110728213007,0.00154954694945377,0.00307748342546231,0.0554750703060601,-0.0861605876008869,-0.308060868825127,TRUE,"SES_FDiv","base"
"311",-0.00390382773680784,0.103681404254771,0.00382285665243288,0.0107498335882413,0.0122777700642498,0.110805099450566,0.225433055553565,-0.217787342248699,FALSE,"SES_FDiv","base"
"312",-0.0106035068500676,0.105404644260148,-0.00287682246082685,0.0111101390316083,0.0126380755076169,0.112419195458858,0.221961568456889,-0.227715213378542,FALSE,"SES_FDiv","base"
"321",0.0226442155917278,0.110695208503385,0.0303708999809685,0.0122534291856078,0.0137813656616163,0.117394061441013,0.265159022862994,-0.204417222901057,FALSE,"SES_FDiv","base"
"328",0.0667506376061923,0.104325410347756,0.0744773219954331,0.0108837912442278,0.0124117277202363,0.11140793382985,0.297293189655134,-0.148338545664267,FALSE,"SES_FDiv","base"
"333",-0.0122641370406206,0.104589404172623,-0.0045374526513799,0.0109389434651844,0.0124668799411929,0.111655183225827,0.218772913800274,-0.227847819103033,FALSE,"SES_FDiv","base"
"337",0.000217258251236584,0.112477249943074,0.00794394264047731,0.0126511317547568,0.0141790682307654,0.119075892735538,0.246095728111553,-0.230207842830599,FALSE,"SES_FDiv","base"
"339",-0.0014376531967957,0.102003610499325,0.00628903119244502,0.0104047365548979,0.0119326730309065,0.109236775084705,0.224762581361855,-0.212184518976965,FALSE,"SES_FDiv","base"
"341",-0.00179165101834982,0.109576217591339,0.0059350333708909,0.0120069474616244,0.013534883937633,0.116339520102298,0.238614073575487,-0.226744006833705,FALSE,"SES_FDiv","base"
"357",-0.0232120942044362,0.110688495536196,-0.0154854098151955,0.0122519430440666,0.0137798795200751,0.117387731556901,0.219290053298607,-0.250260872928998,FALSE,"SES_FDiv","base"
"362",0.01442954248711,0.11233183085004,0.0221562268763508,0.0126184402221221,0.0141463766981306,0.1189385416849,0.26003331024615,-0.215720856493449,FALSE,"SES_FDiv","base"
"363",-0.0657504541711491,0.102918072352947,-0.0580237697819084,0.0105921296168463,0.0121200660928549,0.110091171729866,0.162158573677824,-0.278206113241641,FALSE,"SES_FDiv","base"
"366",0.0346531498685566,0.105573252865749,0.0423798342577973,0.0111457117206553,0.0126736481966638,0.112577298762512,0.267534431782821,-0.182774763267226,FALSE,"SES_FDiv","base"
"372",0.0252692098260813,0.103745395381387,0.032995894215322,0.0107631070628403,0.0122910435388489,0.110864978865505,0.254725851946332,-0.188734063515688,FALSE,"SES_FDiv","base"
"373",0.0743450797315509,0.107881929657989,0.0820717641207916,0.0116385107467313,0.0131664472227399,0.11474514030119,0.311562044723172,-0.147418516481589,FALSE,"SES_FDiv","base"
"374",0.0372010996770754,0.0599243578085319,0.0449277840663161,0.00359092865876495,0.0051188651347735,0.0715462447286613,0.188020273523639,-0.0981647053910065,FALSE,"SES_FDiv","base"
"376",-0.0346052703635552,0.110031374615331,-0.0268785859743145,0.0121069033997393,0.0136348398757478,0.116768317088788,0.206658048203262,-0.260415220151891,FALSE,"SES_FDiv","base"
"377",0.0204999445940419,0.102967998608601,0.0282266289832826,0.0106024087374608,0.0121303452134694,0.11013784641743,0.248502321818142,-0.192049063851577,FALSE,"SES_FDiv","base"
"382",0.0155360151529444,0.105267673101137,0.0232626995421851,0.0110812830001279,0.0126092194761365,0.112290780904474,0.247844261351132,-0.201318862266762,FALSE,"SES_FDiv","base"
"39",-0.016802104133508,0.107567130622232,-0.00907541974426724,0.0115706875903004,0.0130986240663089,0.114449220470517,0.219823021196766,-0.2379738606853,FALSE,"SES_FDiv","base"
"403",-0.00282912066770595,0.112037815329035,0.00489756372153477,0.012552472063703,0.0140804085397116,0.118660897264902,0.242219358251338,-0.232424230808269,FALSE,"SES_FDiv","base"
"41",-0.0177053213688451,0.102884094966935,-0.00997863697960442,0.0105851369971653,0.0121130734731738,0.110059408835291,0.210140180690979,-0.230097454650187,FALSE,"SES_FDiv","base"
"420",-0.0141116492686565,0.102853979964749,-0.00638496487941582,0.010578941194589,0.0121068776705975,0.110031257697972,0.213677550516528,-0.22644748027536,FALSE,"SES_FDiv","base"
"439",0.00739910487484994,0.110024283352075,0.0151257892640907,0.0121053429271377,0.0136332794031463,0.116761634979758,0.248649059223607,-0.218397480695426,FALSE,"SES_FDiv","base"
"440",0.0336665894755888,0.110024283352075,0.0413932738648295,0.0121053429271377,0.0136332794031463,0.116761634979758,0.274916543824346,-0.192129996094687,FALSE,"SES_FDiv","base"
"441",-0.002660912952868,0.110024283352075,0.00506577143637272,0.0121053429271377,0.0136332794031463,0.116761634979758,0.238589041395889,-0.228457498523144,FALSE,"SES_FDiv","base"
"442",0.0179686651985497,0.110373158618802,0.0256953495877905,0.0121822341434913,0.0137101706194998,0.117090437779948,0.259876225147686,-0.208485525972105,FALSE,"SES_FDiv","base"
"443",0.0377821930229167,0.110382493899805,0.0455088774121574,0.0121842949595405,0.013712231435549,0.117099237553235,0.279707352518628,-0.188689597694313,FALSE,"SES_FDiv","base"
"444",0.00432696613402447,0.111166230448033,0.0120536505232652,0.0123579307920252,0.0138858672680338,0.117838309848851,0.247730270220967,-0.223622969174436,FALSE,"SES_FDiv","base"
"445",0.0262306876004062,0.109481490158836,0.0339573719896469,0.0119861966873993,0.0135141331634078,0.116250303928238,0.266457979846124,-0.19854323586683,FALSE,"SES_FDiv","base"
"446",-0.00699868733051682,0.112431237451726,0.000727997058723898,0.0126407831549264,0.0141687196309349,0.119032431004894,0.238792859068512,-0.237336864951065,FALSE,"SES_FDiv","base"
"447",-0.0244504686240141,0.111688508297146,-0.0167237842347734,0.0124743228856416,0.0140022593616502,0.118331142822379,0.219938501409984,-0.253386069879531,FALSE,"SES_FDiv","base"
"448",-0.0196826720377055,0.110151254860054,-0.0119559876484648,0.0121332989472445,0.0136612354232531,0.116881287737829,0.221806587827192,-0.245718563124122,FALSE,"SES_FDiv","base"
"449",0.0164104659574972,0.112634930061569,0.0241371503467379,0.0126866274699745,0.014214563945983,0.119224846177225,0.262586842701188,-0.214312542007712,FALSE,"SES_FDiv","base"
"459",-0.0282641130002077,0.111238866300187,-0.020537428610967,0.0123740853757508,0.0139020218517593,0.11790683547513,0.215276242339293,-0.256351099561227,FALSE,"SES_FDiv","base"
"46",0.0443323436413858,0.10199620353011,0.0520590280306265,0.0104032255345556,0.0119311620105641,0.109229858603608,0.270518745237842,-0.166400689176589,FALSE,"SES_FDiv","base"
"47",-0.0293486697723457,0.103896993383293,-0.021621985383105,0.0107945852340881,0.0123225217100966,0.111006854338354,0.200391723293604,-0.243635694059814,FALSE,"SES_FDiv","base"
"475",-0.0245479162625642,0.106126952508392,-0.0168212318733235,0.0112629300487185,0.012790866524727,0.113096713147319,0.209372194421315,-0.243014658167962,FALSE,"SES_FDiv","base"
"515",-0.0030501692655101,0.112917443920977,0.00467651512373062,0.0127503491416471,0.0142782856176556,0.119491780544335,0.243660076212401,-0.23430704596494,FALSE,"SES_FDiv","base"
"516",-0.00479112501778964,0.106637937841921,0.00293555937145108,0.0113716497871774,0.0128995862631859,0.113576345526636,0.230088250424724,-0.224217131681822,FALSE,"SES_FDiv","base"
"56",0.0340446366743468,0.107371030843972,0.0417713210635875,0.0115285382644973,0.0130564747405058,0.114264932243037,0.270301185549661,-0.186758543422486,FALSE,"SES_FDiv","base"
"58",-0.0206024509559491,0.108304426073945,-0.0128757665667084,0.0117298487072067,0.0132577851832153,0.115142456041268,0.217409145515827,-0.243160678649244,FALSE,"SES_FDiv","base"
"59",0.0297841586514355,0.104946811369422,0.0375108430406763,0.011013833216609,0.0125417696926175,0.111990042828001,0.261490928696678,-0.186469242615326,FALSE,"SES_FDiv","base"
"67",0.126874676883187,0.0886948861125585,0.134601361272428,0.00786678282251973,0.00939471929852827,0.0969263601840504,0.328454081640529,-0.0592513590956729,FALSE,"SES_FDiv","base"
"69",0.00762919061204688,0.111843128947883,0.0153558750012876,0.0125088854928527,0.0140368219688612,0.118477094701302,0.252310064403891,-0.221598314401316,FALSE,"SES_FDiv","base"
"77",0.00126293210818498,0.113100633285651,0.0089896164974257,0.0127917532496153,0.0143196897256238,0.119664905990118,0.248319428477662,-0.230340195482811,FALSE,"SES_FDiv","base"
"91",0.0260219037259335,0.10962644164873,0.0337485881151742,0.0120179567085624,0.0135458931845709,0.116386825648657,0.266522239412489,-0.19902506318214,FALSE,"SES_FDiv","base"
"108",-0.00300031772426917,0.0367057997865165,-0.016152887697729,0.00134731573796783,0.00196252207483827,0.0443003620170115,0.072447836336294,-0.104753611731752,FALSE,"SES_FEve","base"
"166",0.0108397520463326,0.0298994147282841,-0.00231281792712716,0.000893975001093933,0.00150918133796437,0.0388481832003039,0.0753835484734806,-0.0800091843277349,FALSE,"SES_FEve","base"
"169",0.00207614918345573,0.0330974267717553,-0.0110764207900041,0.00109543965891171,0.00171064599578215,0.0413599564286781,0.071643492067352,-0.0937963336473602,FALSE,"SES_FEve","base"
"171",-0.000712894677079426,0.0379936603606584,-0.0138654646505392,0.00144351822760107,0.00205872456447151,0.0453731700950188,0.0768808755394983,-0.104611804840577,FALSE,"SES_FEve","base"
"172",-0.0178681600869849,0.0401020042720287,-0.0310207300604447,0.0016081707466338,0.00222337708350424,0.047152699641741,0.0632846692230373,-0.125326129343927,FALSE,"SES_FEve","base"
"195",0.0239407741765213,0.0119633035821745,0.0107882042030615,0.00014312063259927,0.00075832696946971,0.0275377371886237,0.0658636785803089,-0.0442872701741859,FALSE,"SES_FEve","base"
"217",-0.0179535263785994,0.0305449751049396,-0.0311060963520592,0.00093299550416138,0.00154820184103182,0.0393471961012703,0.0475882958504814,-0.1098004885546,FALSE,"SES_FEve","base"
"311",-0.0130856488558306,0.0379672390894402,-0.0262382188292904,0.00144151124407472,0.00205671758094516,0.0453510482893743,0.0644638777494582,-0.116940315408039,FALSE,"SES_FEve","base"
"312",0.00415331386430133,0.0380124938348322,-0.00899925610915847,0.00144494968754316,0.0020601560244136,0.0453889416533763,0.0817786271975941,-0.0997771394159111,FALSE,"SES_FEve","base"
"321",0.00621377306553635,0.0388660332014919,-0.00693879690792345,0.00151056853681947,0.00212577487368991,0.0461061262056346,0.0852734555033458,-0.0991510493191927,FALSE,"SES_FEve","base"
"328",0.0184226978249125,0.0379019368053874,0.00527012785145269,0.00143655681359958,0.00205176315047002,0.0452963922456306,0.0958629123427139,-0.0853226566398085,FALSE,"SES_FEve","base"
"333",-0.108856347525222,0.0379790467607268,-0.122008917498682,0.00144240799285347,0.00205761432972391,0.0453609339600047,-0.0312870495786724,-0.212730785418691,TRUE,"SES_FEve","base"
"337",-0.125882435594506,0.039972878175734,-0.139035005567966,0.00159783098965207,0.00221303732652251,0.0470429306753152,-0.0449491442173358,-0.233120866918597,TRUE,"SES_FEve","base"
"339",0.00152736226812927,0.0375290856674719,-0.0116252077053305,0.00140843227103644,0.00202363860790688,0.0449848708779617,0.0783445340505928,-0.101594949461254,FALSE,"SES_FEve","base"
"341",0.012459477422407,0.0389944200162635,-0.000693092551052755,0.00152056479240477,0.00213577112927521,0.0462144039156106,0.0917357152801685,-0.093121900382274,FALSE,"SES_FEve","base"
"357",-0.0182622302528596,0.0388119533981672,-0.0314148002263194,0.0015063677265815,0.00212157406345194,0.0460605477980011,0.0607062953696828,-0.123535895822322,FALSE,"SES_FEve","base"
"362",0.0144540650722948,0.0406172382373696,0.00130149509883504,0.00164976004203124,0.00226496637890168,0.0475916629138096,0.0964848209264542,-0.0938818307287842,FALSE,"SES_FEve","base"
"363",0.00234015320630949,0.0375889860519752,-0.0108124167671503,0.00141293187241558,0.00202813820928602,0.045034855493118,0.0792572942190858,-0.100882127753386,FALSE,"SES_FEve","base"
"366",0.0312671318012256,0.0383980009509716,0.0181145618277658,0.00147440647703081,0.00208961281390126,0.0457122829653175,0.109539127758401,-0.0733100041028691,FALSE,"SES_FEve","base"
"372",-0.00103624845743504,0.0379242839774414,-0.0141888184308948,0.00143825131520162,0.00205345765207206,0.0453150929831558,0.0764413675354168,-0.104819004397206,FALSE,"SES_FEve","base"
"373",-0.00193772040074583,0.0381059533049994,-0.0150902903742056,0.00145206367728279,0.00206727001415323,0.045467241109982,0.0758441918457583,-0.10602477259417,FALSE,"SES_FEve","base"
"374",-0.00423170361897546,0.0353189017625986,-0.0173842735924353,0.00124742482171609,0.00186263115858653,0.0431582107899126,0.0689321479873899,-0.10370069517226,FALSE,"SES_FEve","base"
"376",0.00321781294727533,0.0376759632388118,-0.00993475702618447,0.0014194782059723,0.00203468454284274,0.0451074776821176,0.0802801983380507,-0.10014971239042,FALSE,"SES_FEve","base"
"377",0.0035057508952395,0.0378482584927105,-0.0096468190782203,0.00143249067093104,0.00204769700780148,0.0452514862496413,0.0808561534210623,-0.100149791577503,FALSE,"SES_FEve","base"
"382",-0.00957669107748318,0.0380561038662343,-0.022729261050943,0.00144826704147761,0.00206347337834805,0.0454254705902763,0.0681216801296096,-0.113580202231496,FALSE,"SES_FEve","base"
"39",-0.00172374344155354,0.0386561239807575,-0.0148763134150133,0.00149429592121569,0.00210950225808613,0.0459293180668528,0.0769823227186923,-0.106734949548719,FALSE,"SES_FEve","base"
"403",-0.0161886246056579,0.0386191724251805,-0.0293411945791177,0.00149144047880582,0.00210664681567626,0.0458982223585649,0.062455250138012,-0.121137639296247,FALSE,"SES_FEve","base"
"41",0.00847175883613943,0.0398073280872416,-0.00468081113732037,0.0015846233694453,0.00219982970631574,0.0469023422263296,0.0891238733153387,-0.0984854955899795,FALSE,"SES_FEve","base"
"420",0.00603400526243842,0.0375951948273214,-0.00711856471102138,0.00141339867410425,0.00202860501097469,0.0450400378660442,0.0829615110210669,-0.0971986404431097,FALSE,"SES_FEve","base"
"439",0.00907288655291228,0.0381988062961839,-0.00407968342054752,0.00145914880245338,0.00207435513932382,0.0455450890802051,0.0870104947398627,-0.0951698615809578,FALSE,"SES_FEve","base"
"440",0.0255406271678458,0.0381988062961839,0.012388057194386,0.00145914880245338,0.00207435513932382,0.0455450890802051,0.103478235354796,-0.0787021209660242,FALSE,"SES_FEve","base"
"441",0.00177612148384884,0.0381988062961839,-0.011376448489611,0.00145914880245338,0.00207435513932382,0.0455450890802051,0.0797137296707993,-0.102466626650021,FALSE,"SES_FEve","base"
"442",0.0235905425483029,0.0383591056260885,0.0104379725748431,0.00147142098443341,0.00208662732130385,0.0456796160371763,0.101797204649196,-0.0809212594995094,FALSE,"SES_FEve","base"
"443",0.0118259747170593,0.038713821036449,-0.00132659525640052,0.0014987599392422,0.00211396627611265,0.0459778889914777,0.0906291827265548,-0.0932823732393559,FALSE,"SES_FEve","base"
"444",0.012555055683807,0.0388251913804376,-0.000597514289652804,0.0015073954857276,0.00212260182259804,0.0460717030572785,0.0915458918249042,-0.0927409204042098,FALSE,"SES_FEve","base"
"445",0.0219662971455385,0.0389647366423525,0.00881372717207875,0.00151825070160789,0.00213345703847833,0.0461893606632342,0.101192448498547,-0.0835649941543897,FALSE,"SES_FEve","base"
"446",-0.0178318800165978,0.0402685997696514,-0.0309844499900576,0.00162156012740837,0.00223676646427881,0.0472944654719642,0.0636044809538708,-0.125573380933986,FALSE,"SES_FEve","base"
"447",0.0132881563775414,0.0400872822385274,0.000135586404081582,0.00160699019727136,0.0022221965341418,0.0471401796150778,0.0944159456342372,-0.0941447728260741,FALSE,"SES_FEve","base"
"448",-0.0128712014902045,0.038690750954941,-0.0260237714636643,0.00149697420945727,0.00211218054632771,0.0459584654479205,0.0658931594321768,-0.117940702359505,FALSE,"SES_FEve","base"
"449",0.0118283152824675,0.0397082675506491,-0.00132425469099226,0.00157674651187393,0.00219195284874437,0.0468182960897166,0.0923123374884409,-0.0949608468704254,FALSE,"SES_FEve","base"
"459",-0.00187333888662608,0.0396837733887958,-0.0150259088600859,0.00157480187037329,0.00219000820724373,0.0467975235161406,0.0785691381721954,-0.108620955892367,FALSE,"SES_FEve","base"
"46",0.00742036452253605,0.0377063170638362,-0.00573220545092375,0.00142176634651854,0.00203697268338898,0.0451328337620073,0.0845334620730908,-0.0959978729749383,FALSE,"SES_FEve","base"
"47",0.000962812866339653,0.037812350079452,-0.0121897571071201,0.00142977381853104,0.00204498015540148,0.0452214568031756,0.078253156499231,-0.102632670713471,FALSE,"SES_FEve","base"
"475",0.0201665650310035,0.0379541740385313,0.00701399505754367,0.00144051932694712,0.00205572566381756,0.0453401109815312,0.097694217020606,-0.0836662269055186,FALSE,"SES_FEve","base"
"515",0.0140826898089932,0.0391623430525747,0.000930119835533403,0.00153368911336755,0.00214889545023799,0.046356180280929,0.0936424803973914,-0.0917822407263246,FALSE,"SES_FEve","base"
"516",0.00440375258316016,0.0387318328354592,-0.00874881739029964,0.00150015487479396,0.0021153612116644,0.0459930561244238,0.083237294858548,-0.100734929639147,FALSE,"SES_FEve","base"
"56",0.0328371519316746,0.0384111368922781,0.0196845819582148,0.00147541543735732,0.00209062177422776,0.0457233176205289,0.111131217199273,-0.0717620532828429,FALSE,"SES_FEve","base"
"58",0.000741781978121421,0.0385496992574468,-0.0124107879953384,0.0014860793128396,0.00210128564971004,0.0458397823916087,0.079268776787879,-0.104090352778556,FALSE,"SES_FEve","base"
"59",0.0276339987180561,0.037839386485514,0.0144814287445963,0.0014318191696001,0.00204702550647054,0.0452440659807509,0.104969560706098,-0.0760067032169055,FALSE,"SES_FEve","base"
"67",0.000396029301891047,0.0363905551770492,-0.0127565406715688,0.00132427250609386,0.0019394788429643,0.0440395145632227,0.0753224884548766,-0.100835569798014,FALSE,"SES_FEve","base"
"69",-0.0324663554181717,0.0372271072577215,-0.0456189253916315,0.0013858575147779,0.00200106385164834,0.0447332521917236,0.0438475789918156,-0.135085429775079,FALSE,"SES_FEve","base"
"77",0.0169239217944912,0.0405587868354417,0.00377135182103137,0.0016450151895628,0.00226022152643324,0.0475417871606993,0.0988549261424301,-0.0913122225003673,FALSE,"SES_FEve","base"
"91",-0.000577954858898118,0.0367712300624654,-0.0137305248323579,0.00135212336030676,0.0019673296971772,0.0443545904859598,0.0749786561395617,-0.102439705804278,FALSE,"SES_FEve","base"
"108",-0.0242710056457552,0.113099688213973,-0.000597247024955255,0.0127915394740979,0.0142483982406375,0.119366654642901,0.238136062260846,-0.239330556310756,FALSE,"SES_FRic","base"
"166",-0.0210187782757369,0.0466881757496641,0.00265498034506301,0.00217978575483152,0.00363664452137113,0.0603045978460277,0.123264176037118,-0.117954215346992,FALSE,"SES_FRic","base"
"169",-0.0873552457062808,0.0611833304391396,-0.0636814870854808,0.00374339992362494,0.00520025869016455,0.0721128191805351,0.0805441512755894,-0.207907125446551,FALSE,"SES_FRic","base"
"171",-0.00927542800059444,0.117341196535084,0.0143983306202055,0.0137689564042851,0.0152258151708247,0.123392929987195,0.261184190594595,-0.232387529354184,FALSE,"SES_FRic","base"
"172",-0.00982401440956957,0.118260148360334,0.0138497442112304,0.0139854626902082,0.0154423214567479,0.124267137477081,0.262384019165393,-0.234684530742932,FALSE,"SES_FRic","base"
"195",0.028031722516583,0.0122963347077372,0.051705481137383,0.000151199847244702,0.00160805861378431,0.0401006061523303,0.131906693442044,-0.0284957311672777,FALSE,"SES_FRic","base"
"217",-0.155453703195526,0.0471389840214377,-0.131779944574726,0.00222208381457336,0.00367894258111297,0.0606542874091599,-0.0104713697564059,-0.253088519393045,TRUE,"SES_FRic","base"
"311",-0.0375729613207828,0.105529892959738,-0.0138992026999828,0.0111365583080938,0.0125934170746334,0.112220395092128,0.210541587484274,-0.23833999288424,FALSE,"SES_FRic","base"
"312",-0.0165333796405493,0.106119152410608,0.00714037898025061,0.0112612745083459,0.0127181332748855,0.112774701395683,0.232689781771617,-0.218409023811116,FALSE,"SES_FRic","base"
"321",-0.0107410447486296,0.116596117203125,0.0129327138721703,0.0135946545468449,0.0150515133133846,0.122684609113713,0.258301932099596,-0.232436504355256,FALSE,"SES_FRic","base"
"328",-0.105568132990681,0.106911646985257,-0.0818943743698812,0.0114301002611001,0.0128869590276397,0.113520742719733,0.145147111069584,-0.308935859809346,FALSE,"SES_FRic","base"
"333",0.0258470914409183,0.107601032393103,0.0495208500617183,0.0115779821720616,0.0130348409386012,0.114170227899401,0.27786130586052,-0.178819605737084,FALSE,"SES_FRic","base"
"337",0.0048206905011839,0.117810074020537,0.0284944491219839,0.0138792135407244,0.015336072307264,0.12383889658449,0.276172242290964,-0.219183344046996,FALSE,"SES_FRic","base"
"339",0.0373332504563684,0.0999012834607951,0.0610070090771683,0.00998026643711412,0.0114371252036537,0.10694449590163,0.274896000880428,-0.152881982726091,FALSE,"SES_FRic","base"
"341",-0.012323595184936,0.109903250236514,0.011350163435864,0.0120787244125498,0.0135355831790894,0.116342525239439,0.244035213914741,-0.221334887043013,FALSE,"SES_FRic","base"
"357",-0.0162288127123106,0.116554578696492,0.00744494590848935,0.0135849698151168,0.0150418285816564,0.122645132727135,0.252735211362758,-0.23784531954578,FALSE,"SES_FRic","base"
"362",0.0179606913114581,0.11747322656897,0.0416344499322581,0.0137999589605245,0.0152568177270641,0.123518491437776,0.288671432807811,-0.205402532943295,FALSE,"SES_FRic","base"
"363",0.0770438586503806,0.102671359944494,0.100717617271181,0.0105414081528519,0.0119982669193915,0.109536600820874,0.319790818912929,-0.118355584370568,FALSE,"SES_FRic","base"
"366",0.053504792159237,0.109933600026361,0.077178550780037,0.012085396414756,0.0135422551812956,0.116371195668411,0.309920942116859,-0.155563840556785,FALSE,"SES_FRic","base"
"372",-0.0644504176733039,0.107206683370538,-0.040776659052504,0.0114932729593107,0.0129501317258503,0.113798645536097,0.186820632019691,-0.268373950124699,FALSE,"SES_FRic","base"
"373",0.0481664554287013,0.110743887305022,0.0718402140495012,0.0122642085754273,0.0137210673419669,0.117136959760645,0.306114133570791,-0.162433705471788,FALSE,"SES_FRic","base"
"374",0.054702064338233,0.0698855745770015,0.0783758229590329,0.00488399353395764,0.00634085230049725,0.0796294687945189,0.237634760548071,-0.0808831146300048,FALSE,"SES_FRic","base"
"376",0.0608735819185522,0.114305311046736,0.0845473405393521,0.013065704133491,0.0145225629000307,0.120509596713418,0.325566533966188,-0.156471852887484,FALSE,"SES_FRic","base"
"377",0.133516882038108,0.10452200445226,0.157190640658908,0.0109248494147182,0.0123817081812578,0.111273124254052,0.379736889167013,-0.0653556078491965,FALSE,"SES_FRic","base"
"382",-0.0187224456057013,0.103991817150035,0.00495131301509866,0.0108142980341663,0.0122711568007059,0.110775253557398,0.226501820129895,-0.216599194099698,FALSE,"SES_FRic","base"
"39",0.00145896251575594,0.110642682650147,0.0251327211365559,0.0122418032240212,0.0136986619905608,0.117041283274582,0.259215287685719,-0.208949845412607,FALSE,"SES_FRic","base"
"403",-0.0192916098541237,0.11676831127438,0.00438214876667622,0.0136348385178704,0.01509169728441,0.122848269358628,0.250078687483932,-0.24131438995058,FALSE,"SES_FRic","base"
"41",-0.0297496563135693,0.100441201139882,-0.00607589769276937,0.0100884348864222,0.0115452936529618,0.107449028162016,0.208822158631263,-0.220973954016802,FALSE,"SES_FRic","base"
"420",0.0730203422634758,0.102574737942144,0.0966941008842758,0.0105215768638996,0.0119784356304392,0.109446039811586,0.315586180507447,-0.122197978738895,FALSE,"SES_FRic","base"
"439",0.0646186240218178,0.114831265416367,0.0882923826426178,0.0131862195171241,0.0146430782836637,0.121008587644281,0.330309557931181,-0.153724792645945,FALSE,"SES_FRic","base"
"440",-0.0592520988425297,0.114831265416367,-0.0355783402217297,0.0131862195171241,0.0146430782836637,0.121008587644281,0.206438835066833,-0.277595515510293,FALSE,"SES_FRic","base"
"441",-0.0147139943316044,0.114831265416367,0.00895976428919553,0.0131862195171241,0.0146430782836637,0.121008587644281,0.250976939577758,-0.233057410999367,FALSE,"SES_FRic","base"
"442",-0.0416431412626692,0.113363101610149,-0.0179693826418693,0.012851192806673,0.0143080515732127,0.119616268012393,0.221263153382917,-0.257201918666655,FALSE,"SES_FRic","base"
"443",0.0327227309780399,0.113512269513716,0.0563964895988399,0.0128850353301546,0.0143418940966942,0.119757647341179,0.295911784281198,-0.183118805083518,FALSE,"SES_FRic","base"
"444",0.00300010659143059,0.114969091542618,0.0266738652122306,0.0132178920101348,0.0146747507766744,0.121139385736739,0.268952636685708,-0.215604906261247,FALSE,"SES_FRic","base"
"445",-0.0128841701605574,0.11218808235439,0.0107895884602426,0.0125861658223555,0.0140430245888951,0.118503268262505,0.247796124985252,-0.226216948064766,FALSE,"SES_FRic","base"
"446",0.0036585759473659,0.117659065604517,0.0273323345681659,0.013843655718928,0.0153005144854676,0.123695248435288,0.274722831438742,-0.22005816230241,FALSE,"SES_FRic","base"
"447",-0.0193927007083939,0.116994942701588,0.0042810579124061,0.013687816617748,0.0151446753842876,0.123063704577294,0.250408467066995,-0.241846351242182,FALSE,"SES_FRic","base"
"448",-0.0309304361526124,0.113099914126643,-0.00725667753181247,0.012791590575454,0.0142484493419936,0.119366868694766,0.23147705985772,-0.245990414921345,FALSE,"SES_FRic","base"
"449",-0.00109857617001873,0.118154053277531,0.0225751824507812,0.0139603803059096,0.0154172390724493,0.124166175234841,0.270907532920463,-0.225757168018901,FALSE,"SES_FRic","base"
"459",0.00151858989315839,0.115418506756873,0.0251923485139583,0.0133214317019864,0.014778290468526,0.121565992236834,0.268324332987626,-0.21793963595971,FALSE,"SES_FRic","base"
"46",-0.0357094676800777,0.0994719573320046,-0.0120357090592778,0.00989467029546014,0.0113515290619998,0.106543554765175,0.201051400471071,-0.225122818589627,FALSE,"SES_FRic","base"
"47",0.0182941902161112,0.103083628556816,0.0419679488369111,0.0106262344764396,0.0120830932429792,0.10992312424135,0.261814197319611,-0.177878299645788,FALSE,"SES_FRic","base"
"475",0.062163219419634,0.105626516514654,0.0858369780404339,0.0111569609910206,0.0126138197575602,0.112311262825952,0.310459503692339,-0.138785547611471,FALSE,"SES_FRic","base"
"515",0.000723328118280128,0.118306649248154,0.0243970867390801,0.0139964632563257,0.0154533220228653,0.124311391364047,0.273019869467175,-0.224225695989015,FALSE,"SES_FRic","base"
"516",-0.0656089760984282,0.112928078594109,-0.0419352174776283,0.0127527509349573,0.0142096097014969,0.119204067470439,0.196472917463249,-0.280343352418506,FALSE,"SES_FRic","base"
"56",0.0135932413374316,0.112750231655414,0.0372669999582316,0.0127126147383495,0.0141694735048891,0.119035597637384,0.275338195232999,-0.200804195316536,FALSE,"SES_FRic","base"
"58",0.0113711208907623,0.114029470107296,0.0350448795115623,0.0130027200529506,0.0144595788194902,0.120247988837611,0.275540857186784,-0.20545109816366,FALSE,"SES_FRic","base"
"59",0.0229275035836079,0.10789398392367,0.0466012622044078,0.0116411117669212,0.0130979705334608,0.114446365313455,0.275493992831318,-0.182291468422503,FALSE,"SES_FRic","base"
"67",0.0963187431184588,0.09511467753363,0.119992501739259,0.00904680188232642,0.010503660648866,0.102487368240511,0.32496723822028,-0.0849822347417626,FALSE,"SES_FRic","base"
"69",0.00445342652331516,0.11743794066871,0.0281271851441151,0.0137916699085075,0.0152485286750472,0.123484932987985,0.275097051120085,-0.218842680831855,FALSE,"SES_FRic","base"
"77",-0.0025960337783336,0.118449553732385,0.0210777248424664,0.0140302967794012,0.0154871555459409,0.124447400719906,0.269972526282278,-0.227817076597346,FALSE,"SES_FRic","base"
"91",-0.0294339597192672,0.113292773584248,-0.00576020109846726,0.0128352525464117,0.0142921113129513,0.119549618623195,0.233339036147922,-0.244859438344857,FALSE,"SES_FRic","base"
